{"engineId":"58966f73-ea88-43b2-985c-c2a4cc91b142","engineName":"MvNew","rdbmsId":"ef788897-7615-4378-91d9-115ed57daf87","varstore":{},"frames":[{"file":"@BaseFolder@\\db\\@ENGINE@\\version\\ef788897-7615-4378-91d9-115ed57daf87\\FRAME.gz","meta":"@BaseFolder@\\db\\@ENGINE@\\version\\ef788897-7615-4378-91d9-115ed57daf87\\METADATA__FRAME.owl","state":null,"type":"prerna.ds.h2.H2Frame","name":"FRAME","keys":["$CUR_FRAME_KEY","FRAME"]}],"panels":[{"panelId":"0","panelLabel":null,"view":"visualization","viewOptions":null,"viewOptionsMap":"{}","config":"{}","ornaments":"{}","events":"{}","comments":"{}","position":"{}","filters":[],"order":[],"cbv":{}}],"tasks":{"tasks":[{"type":"basic","task":{"taskType":"basic","id":"task1","numCollected":500,"internalOffset":0,"taskOptions":"{\"options\":{\"0\":{\"layout\":\"Grid\",\"alignment\":{\"label\":[\"RottenTomatoesAudience\",\"MOVIE2\",\"RottenTomatoesCritics\",\"Comments\",\"Director\",\"MovieBudget\",\"RevenueDomestic\",\"Title\",\"Genre\",\"RevenueInternational\",\"Studio\",\"Nominated\"]}}}}","qs":{"qsType":"FRAME","isDistinct":true,"overrideImplicit":false,"limit":500,"offset":0,"relations":"[]","selectors":[{"type":"COLUMN","content":{"table":"RottenTomatoesAudience","column":"PRIM_KEY_PLACEHOLDER","alias":"RottenTomatoesAudience","tableAlias":null}},{"type":"COLUMN","content":{"table":"MOVIE2","column":"PRIM_KEY_PLACEHOLDER","alias":"MOVIE2","tableAlias":null}},{"type":"COLUMN","content":{"table":"RottenTomatoesCritics","column":"PRIM_KEY_PLACEHOLDER","alias":"RottenTomatoesCritics","tableAlias":null}},{"type":"COLUMN","content":{"table":"Comments","column":"PRIM_KEY_PLACEHOLDER","alias":"Comments","tableAlias":null}},{"type":"COLUMN","content":{"table":"Director","column":"PRIM_KEY_PLACEHOLDER","alias":"Director","tableAlias":null}},{"type":"COLUMN","content":{"table":"MovieBudget","column":"PRIM_KEY_PLACEHOLDER","alias":"MovieBudget","tableAlias":null}},{"type":"COLUMN","content":{"table":"RevenueDomestic","column":"PRIM_KEY_PLACEHOLDER","alias":"RevenueDomestic","tableAlias":null}},{"type":"COLUMN","content":{"table":"Title","column":"PRIM_KEY_PLACEHOLDER","alias":"Title","tableAlias":null}},{"type":"COLUMN","content":{"table":"Genre","column":"PRIM_KEY_PLACEHOLDER","alias":"Genre","tableAlias":null}},{"type":"COLUMN","content":{"table":"RevenueInternational","column":"PRIM_KEY_PLACEHOLDER","alias":"RevenueInternational","tableAlias":null}},{"type":"COLUMN","content":{"table":"Studio","column":"PRIM_KEY_PLACEHOLDER","alias":"Studio","tableAlias":null}},{"type":"COLUMN","content":{"table":"Nominated","column":"PRIM_KEY_PLACEHOLDER","alias":"Nominated","tableAlias":null}}]}}}],"taskCounter":2},"recipe":["AddPanel ( 0 ) ;","Panel ( 0 ) | SetPanelView ( \"visualization\" ) ;","CreateFrame ( grid ) .as ( [ FRAME ] ) ;","Database ( \"58966f73-ea88-43b2-985c-c2a4cc91b142\" ) | Select ( MOVIE2__RottenTomatoesAudience , MOVIE2 , MOVIE2__RottenTomatoesCritics , MOVIE2__Comments , MOVIE2__Director , MOVIE2__MovieBudget , MOVIE2__RevenueDomestic , MOVIE2__Title , MOVIE2__Genre , MOVIE2__RevenueInternational , MOVIE2__Studio , MOVIE2__Nominated ) | Limit ( 500 ) | Import ( ) ;","Frame ( ) | Select ( RottenTomatoesAudience , MOVIE2 , RottenTomatoesCritics , Comments , Director , MovieBudget , RevenueDomestic , Title , Genre , RevenueInternational , Studio , Nominated ) | Format ( type = [ 'table' ] ) | TaskOptions ( { \"0\" : { \"layout\" : \"Grid\" , \"alignment\" : { \"label\" : [ \"RottenTomatoesAudience\" , \"MOVIE2\" , \"RottenTomatoesCritics\" , \"Comments\" , \"Director\" , \"MovieBudget\" , \"RevenueDomestic\" , \"Title\" , \"Genre\" , \"RevenueInternational\" , \"Studio\" , \"Nominated\" ] } } } ) | Collect ( 500 ) ;"]}